{
  "global_screening": {
    "pred_aev_plig": {
      "spearman_rho": 0.22360262653194213,
      "spearman_p": 6.031781385462023e-07,
      "spearman_ci_lower": 0.14100260958917712,
      "spearman_ci_upper": 0.30040580270780803,
      "pearson_r": 0.24112921268349097,
      "pearson_p": 6.935525306779917e-08,
      "pearson_ci_lower": 0.1715153097593122,
      "pearson_ci_upper": 0.3064962114089559,
      "N": 488
    },
    "pred_aqaffinity": {
      "spearman_rho": 0.11357753122869835,
      "spearman_p": 0.012049057255413059,
      "spearman_ci_lower": 0.028550063933884394,
      "spearman_ci_upper": 0.20137391946013722,
      "pearson_r": 0.120862160435911,
      "pearson_p": 0.007520087883765158,
      "pearson_ci_lower": 0.03235447029903032,
      "pearson_ci_upper": 0.2054285523666487,
      "N": 488
    },
    "pred_boltz_2": {
      "spearman_rho": 0.4002272088598656,
      "spearman_p": 3.3772703422171566e-20,
      "spearman_ci_lower": 0.3216638158014497,
      "spearman_ci_upper": 0.47181578594261275,
      "pearson_r": 0.40999587715769803,
      "pearson_p": 3.3039446617513137e-21,
      "pearson_ci_lower": 0.3357826388583404,
      "pearson_ci_upper": 0.4799289149469331,
      "N": 488
    },
    "pred_clogp": {
      "spearman_rho": 0.1708540985684186,
      "spearman_p": 0.0001491187327660609,
      "spearman_ci_lower": 0.07779505860794297,
      "spearman_ci_upper": 0.2546755101692303,
      "pearson_r": 0.1618076808862041,
      "pearson_p": 0.000332000891035082,
      "pearson_ci_lower": 0.08051988909275663,
      "pearson_ci_upper": 0.24857280542239638,
      "N": 488
    },
    "pred_gnina_crystal": {
      "spearman_rho": 0.4545246949978691,
      "spearman_p": 2.985812967784992e-26,
      "spearman_ci_lower": 0.37799888711035345,
      "spearman_ci_upper": 0.5214293420675717,
      "pearson_r": 0.4003739802764211,
      "pearson_p": 3.263197974752073e-20,
      "pearson_ci_lower": 0.3316841427216387,
      "pearson_ci_upper": 0.4690375755698056,
      "N": 488
    },
    "pred_molecular_weight": {
      "spearman_rho": 0.4854573469718112,
      "spearman_p": 3.212390133004887e-30,
      "spearman_ci_lower": 0.4143407144229323,
      "spearman_ci_upper": 0.5518146660161799,
      "pearson_r": 0.5416771006617991,
      "pearson_p": 1.4778498969313468e-38,
      "pearson_ci_lower": 0.48207704915029653,
      "pearson_ci_upper": 0.5958243228344449,
      "N": 488
    },
    "pred_smina_crystal": {
      "spearman_rho": 0.25254852311917814,
      "spearman_p": 1.5438188211451316e-08,
      "spearman_ci_lower": 0.17695591609807934,
      "spearman_ci_upper": 0.33606432918927454,
      "pearson_r": 0.1524770889721426,
      "pearson_p": 0.0007262527367183098,
      "pearson_ci_lower": 0.09698110504511573,
      "pearson_ci_upper": 0.24346914763183755,
      "N": 488
    },
    "iptm_af3": {
      "spearman_rho": 0.0984741417537339,
      "spearman_p": 0.054795670698999245,
      "spearman_ci_lower": 0.002649958460219141,
      "spearman_ci_upper": 0.19669141816081992,
      "pearson_r": 0.10793168660700721,
      "pearson_p": 0.035206461948135113,
      "pearson_ci_lower": 0.018296942958109293,
      "pearson_ci_upper": 0.19946523304963765,
      "N": 381
    },
    "iptm_boltz-1": {
      "spearman_rho": -0.07755207849335274,
      "spearman_p": 0.13230902923321772,
      "spearman_ci_lower": -0.17518323213761505,
      "spearman_ci_upper": 0.024937834409902743,
      "pearson_r": -0.163892077030298,
      "pearson_p": 0.0013861466262684715,
      "pearson_ci_lower": -0.2635088303752157,
      "pearson_ci_upper": -0.06237493873124172,
      "N": 378
    },
    "iptm_boltz-2": {
      "spearman_rho": -0.19157587428123385,
      "spearman_p": 0.00017192509954196093,
      "spearman_ci_lower": -0.2934659091901292,
      "spearman_ci_upper": -0.08815119064155846,
      "pearson_r": -0.2380140519259002,
      "pearson_p": 2.704648966241285e-06,
      "pearson_ci_lower": -0.33345000429002875,
      "pearson_ci_upper": -0.13830992870495032,
      "N": 380
    },
    "iptm_of3p2": {
      "spearman_rho": -0.3252004481180938,
      "spearman_p": 7.798406013900553e-11,
      "spearman_ci_lower": -0.4118440693198605,
      "spearman_ci_upper": -0.23084067993328616,
      "pearson_r": -0.33129393786584743,
      "pearson_p": 3.275786500563467e-11,
      "pearson_ci_lower": -0.4148132104113981,
      "pearson_ci_upper": -0.2487793271802493,
      "N": 381
    },
    "iptm_of3p2_ft": {
      "spearman_rho": 0.35312543276305713,
      "spearman_p": 1.246542235512579e-12,
      "spearman_ci_lower": 0.2572430221583289,
      "spearman_ci_upper": 0.43833334890923525,
      "pearson_r": 0.32329723578717323,
      "pearson_p": 1.0184734305660022e-10,
      "pearson_ci_lower": 0.23094426137802423,
      "pearson_ci_upper": 0.405112069151263,
      "N": 381
    },
    "iptm_protenix": {
      "spearman_rho": 0.38830280072723505,
      "spearman_p": 3.684553337984173e-15,
      "spearman_ci_lower": 0.29580038189201846,
      "spearman_ci_upper": 0.4700217587374082,
      "pearson_r": 0.3728613454567839,
      "pearson_p": 5.18374907055151e-14,
      "pearson_ci_lower": 0.2920431861140596,
      "pearson_ci_upper": 0.449452396594003,
      "N": 381
    },
    "iptm_rf3": {
      "spearman_rho": -0.14782637078109093,
      "spearman_p": 0.0038763074223453486,
      "spearman_ci_lower": -0.2457715807508335,
      "spearman_ci_upper": -0.052039256359824856,
      "pearson_r": -0.0939963238896375,
      "pearson_p": 0.0671986026969576,
      "pearson_ci_lower": -0.184513826072718,
      "pearson_ci_upper": -0.0008251718156928768,
      "N": 380
    },
    "score_gnina": {
      "spearman_rho": -0.47563039185815076,
      "spearman_p": 6.665167953659415e-23,
      "spearman_ci_lower": -0.549887869899779,
      "spearman_ci_upper": -0.39329189956932864,
      "pearson_r": -0.5039329745999542,
      "pearson_p": 6.257051244101547e-26,
      "pearson_ci_lower": -0.5712767256188146,
      "pearson_ci_upper": -0.4302902000249158,
      "N": 381
    }
  },
  "pyrrolidine_local_sar": {
    "pred_aev_plig": {
      "spearman_rho": -0.04707170224411604,
      "spearman_p": 0.8119931372480311,
      "spearman_ci_lower": -0.40642388968307225,
      "spearman_ci_upper": 0.3430302379446078,
      "pearson_r": 0.07353244741999578,
      "pearson_p": 0.7099960311093199,
      "pearson_ci_lower": -0.31898320919278156,
      "pearson_ci_upper": 0.3220823024973285,
      "N": 28
    },
    "pred_aqaffinity": {
      "spearman_rho": 0.07991242474001095,
      "spearman_p": 0.6860469937204364,
      "spearman_ci_lower": -0.33334708470847085,
      "spearman_ci_upper": 0.48150345971706565,
      "pearson_r": 0.07667032837314378,
      "pearson_p": 0.6981817538953743,
      "pearson_ci_lower": -0.29340069196201174,
      "pearson_ci_upper": 0.4104603910461291,
      "N": 28
    },
    "pred_boltz_2": {
      "spearman_rho": -0.09578544061302681,
      "spearman_p": 0.6277770988396012,
      "spearman_ci_lower": -0.47093007525923686,
      "spearman_ci_upper": 0.3095100343860054,
      "pearson_r": -0.05465112075471866,
      "pearson_p": 0.7823881376392261,
      "pearson_ci_lower": -0.4391660827364647,
      "pearson_ci_upper": 0.33558569954731193,
      "N": 28
    },
    "pred_clogp": {
      "spearman_rho": 0.046078004502256534,
      "spearman_p": 0.8158942501708437,
      "spearman_ci_lower": -0.30130101359850453,
      "spearman_ci_upper": 0.37456954376752355,
      "pearson_r": 0.051081013196799495,
      "pearson_p": 0.796298621945512,
      "pearson_ci_lower": -0.2730702355594839,
      "pearson_ci_upper": 0.34230251025102026,
      "N": 28
    },
    "pred_gnina_crystal": {
      "spearman_rho": 0.06130268199233716,
      "spearman_p": 0.7566480243473327,
      "spearman_ci_lower": -0.31563083786263196,
      "spearman_ci_upper": 0.4597493803359951,
      "pearson_r": -0.04250401924067133,
      "pearson_p": 0.8299600949364172,